,id,average_cadence,average_heartrate,average_speed,description,distance,elapsed_time,kudos_count,max_heartrate,name,start_date
0,5699797133,,,3.903,,4515.2,1162,1,,Course √† pied du midi,2021-07-28 10:19:11+00:00
1,5711839217,,,3.919,,4378.0,1117,1,,Course √† pied le soir,2021-07-30 16:51:52+00:00
2,5727390830,,,3.664,,4429.8,1212,0,,D√©part tranquille retour rapide ,2021-08-02 16:50:41+00:00
3,5743649098,,,3.567,,10012.5,2818,2,,Footing + long ,2021-08-05 15:10:08+00:00
4,5767996027,,,3.762,,6334.8,1782,2,,Sortie avec Milka,2021-08-10 08:38:38+00:00
5,5792348096,,,4.019,,5575.0,1456,2,,Chez les parents ,2021-08-14 16:23:27+00:00
6,5876067085,79.4,151.3,3.991,,3652.1,926,1,164.0,Test Polar,2021-08-30 09:02:48+00:00
7,5950033354,79.2,166.7,3.806,,6333.2,1668,5,188.0,Course √† pied le soir,2021-09-12 16:55:23+00:00
8,5973969290,80.0,173.5,3.844,,6303.6,1653,3,187.0,Course √† pied le midi,2021-09-17 10:38:34+00:00
9,5986786398,82.5,164.4,3.72,,4017.6,1080,3,176.0,Entra√Ænement Triathlon 2/2,2021-09-19 15:56:20+00:00
10,6015800584,81.9,177.8,3.538,,4706.1,1345,6,186.0,Triathlon Vendome ,2021-09-25 10:01:36+00:00
11,6043876697,79.4,146.7,3.827,,3991.3,1048,5,161.0,Course √† pied le soir,2021-09-30 17:36:54+00:00
12,6085830498,81.2,160.1,3.874,,9999.0,3158,5,186.0,Course √† pied le midi,2021-10-09 09:02:18+00:00
13,6127538989,80.6,132.0,4.067,,4229.9,1043,2,161.0,Course √† pied l'apr√®s-midi,2021-10-17 15:27:58+00:00
14,6155436953,78.7,147.8,3.044,,8024.0,2761,7,171.0,Course √† pied l'apr√®s-midi,2021-10-23 14:47:52+00:00
15,6161391428,78.2,147.1,2.979,,6426.4,2197,4,164.0,Course √† pied le soir,2021-10-24 16:36:39+00:00
16,6187524699,80.7,160.8,3.424,,12212.9,3578,5,184.0,Course √† pied l'apr√®s-midi,2021-10-30 13:10:16+00:00
17,6223360848,81.1,137.9,3.563,,6306.8,1803,5,162.0,Course √† pied matinale,2021-11-07 09:57:22+00:00
18,6253068927,78.3,150.8,3.085,,10209.7,3611,7,174.0,Course √† pied l'apr√®s-midi,2021-11-13 16:46:50+00:00
19,6257915082,80.0,143.0,3.166,,5195.1,1716,3,171.0,Course √† pied l'apr√®s-midi,2021-11-14 16:19:22+00:00
20,6342405490,79.4,148.2,2.975,,7309.9,2573,4,168.0,Course √† pied l'apr√®s-midi,2021-12-04 14:12:12+00:00
21,6371109953,79.4,153.0,3.422,,3914.7,1161,2,161.0,Course √† pied l'apr√®s-midi,2021-12-11 16:03:50+00:00
22,6421777183,80.3,155.6,3.453,,11195.9,3274,5,185.0,Course √† pied le midi,2021-12-24 10:08:13+00:00
23,6455070081,81.2,138.6,3.052,,21185.5,7093,7,165.0,Entra√Ænement semi,2022-01-01 09:41:36+00:00
24,6528447329,79.6,157.1,3.925,,5329.9,1375,8,183.0,Course √† pied l'apr√®s-midi,2022-01-15 16:27:57+00:00
25,6553074743,81.5,154.6,3.592,,5154.3,1464,3,181.0,Course √† pied le midi,2022-01-20 11:56:02+00:00
26,6570117403,82.2,126.9,3.502,,10246.8,2936,5,157.0,Course √† pied l'apr√®s-midi,2022-01-23 15:14:44+00:00
27,6629612390,82.1,166.3,3.79,,6241.9,1756,5,187.0,Course √† pied l'apr√®s-midi,2022-02-04 12:06:22+00:00
28,6669787959,81.2,148.2,3.574,,10287.3,2882,5,175.0,Course √† pied matinale,2022-02-12 08:45:19+00:00
29,6675490977,82.5,157.9,3.474,,11516.4,3359,7,171.0,Course √† pied matinale,2022-02-13 08:56:53+00:00
30,6726128663,82.5,164.7,3.784,,10261.8,2750,5,185.0,Course √† pied l'apr√®s-midi,2022-02-23 12:14:20+00:00
31,6747990521,81.7,166.8,3.854,,6309.8,1699,5,185.0,Course √† pied le soir,2022-02-27 17:24:57+00:00
32,6752430720,81.8,143.5,3.248,,4037.0,1247,1,171.0,Course √† pied le soir,2022-02-28 17:40:55+00:00
33,6780502803,81.5,154.3,3.775,,21214.2,5738,16,173.0,Semi de Paris,2022-03-06 07:53:33+00:00
34,6852788811,82.0,160.0,3.526,,6294.6,1820,3,185.0,Course √† pied le midi,2022-03-20 10:49:09+00:00
35,6874794862,81.0,162.3,3.5,,10304.6,2965,2,189.0,Course √† pied le midi,2022-03-24 11:34:07+00:00
36,6902673647,81.7,160.5,3.819,,6292.9,1648,5,185.0,Course √† pied le soir,2022-03-29 17:10:37+00:00
37,6973956519,80.8,140.3,3.044,,7107.1,2582,6,164.0,Course √† pied matinale,2022-04-13 06:14:43+00:00
38,7013981458,81.3,175.0,4.113,,5046.3,1230,4,192.0,Course √† pied le soir,2022-04-20 18:20:04+00:00
39,7059604240,77.4,145.8,2.869,,10056.9,3729,7,179.0,Course √† pied matinale,2022-04-29 12:49:46+00:00
40,7097784684,83.6,155.3,3.819,,2062.4,544,2,190.0,Course √† pied l'apr√®s-midi,2022-05-06 15:25:24+00:00
41,7097873515,82.8,172.4,3.62,,1042.5,310,1,183.0,Course √† pied l'apr√®s-midi,2022-05-06 15:37:44+00:00
42,7101143592,79.4,153.5,2.484,,9046.0,3725,3,176.0,Course √† pied matinale,2022-05-07 08:08:52+00:00
43,7134799902,81.5,168.2,3.494,,10292.8,2951,2,188.0,Course √† pied le midi,2022-05-13 10:09:03+00:00
44,7174902544,80.5,142.4,2.872,,4024.2,1401,3,161.0,Course √† pied le soir,2022-05-20 17:33:38+00:00
45,7177739232,82.5,180.5,3.78,,5084.7,1345,3,190.0,Tri S Vendome 3/3,2022-05-21 09:06:46+00:00
46,7180275161,78.9,152.9,2.81,,10307.7,3873,4,173.0,Triathlon M 3/3,2022-05-21 15:35:34+00:00
47,7289972306,,,3.394,,11177.8,3354,3,,Course √† pied du midi,2022-06-11 10:02:34+00:00
48,7554845940,79.8,177.0,3.493,,6287.7,1808,7,199.0,Course √† pied en soir√©e,2022-07-30 16:47:03+00:00
49,7565231322,79.5,152.7,2.755,,4052.3,1480,2,164.0,Course √† pied en soir√©e,2022-08-01 16:38:46+00:00
50,7570651698,79.5,171.7,3.42,,7398.1,2229,4,193.0,Course √† pied dans l'apr√®s-midi,2022-08-02 15:28:39+00:00
51,7577760598,79.7,176.9,3.669,,10237.6,2804,6,193.0,Course √† pied en soir√©e,2022-08-03 18:41:00+00:00
52,7583285720,79.2,151.3,3.365,,4020.8,1226,2,171.0,Course √† pied de nuit,2022-08-04 19:02:59+00:00
53,7610730206,79.9,167.6,3.463,,10237.5,2960,3,185.0,Course √† pied en soir√©e,2022-08-09 18:08:05+00:00
54,7632740328,79.7,152.7,3.443,,3270.6,1154,2,177.0,Course √† pied en soir√©e,2022-08-13 18:07:53+00:00
55,7651899463,77.9,146.4,2.665,,10307.1,4008,6,171.0,Course √† pied le matin,2022-08-17 06:37:23+00:00
56,7670896617,77.5,162.4,2.631,,8020.5,3138,6,179.0,Course √† pied en soir√©e,2022-08-20 16:04:10+00:00
57,7716458300,81.6,172.3,3.99,,10129.8,2539,5,187.0,PR 10K Strava 41‚Äô33,2022-08-28 17:26:22+00:00
58,7726729472,80.5,159.4,3.393,,6297.1,1863,5,179.0,Course √† pied en soir√©e,2022-08-30 17:16:31+00:00
59,7737796499,80.9,165.8,3.769,,10275.2,2726,1,186.0,Course √† pied en soir√©e,2022-09-01 16:36:28+00:00
60,7760058917,80.4,157.7,3.524,,6307.1,1790,3,181.0,Course √† pied en soir√©e,2022-09-05 18:03:22+00:00
61,7785271380,81.1,157.6,3.393,,16059.3,4733,7,180.0,Course √† pied dans l'apr√®s-midi,2022-09-10 12:58:28+00:00
62,7808590297,79.9,162.2,3.747,,6065.8,1619,4,175.0,Course √† pied en soir√©e,2022-09-14 18:04:41+00:00
63,7816699569,81.1,166.0,3.606,,10263.9,2851,3,188.0,Course √† pied le midi,2022-09-16 10:14:03+00:00
64,7823665443,80.6,150.0,3.757,,16023.9,4339,5,171.0,Course √† pied dans l'apr√®s-midi,2022-09-17 15:39:00+00:00
65,7850596098,79.9,163.3,3.749,,10394.8,2778,5,184.0,Course √† pied en soir√©e,2022-09-22 17:09:19+00:00
66,7895340942,81.2,170.4,3.453,,15574.4,4625,2,188.0,Course √† pied dans l'apr√®s-midi,2022-10-01 14:32:59+00:00
67,7916630519,80.1,168.6,3.963,,6305.7,1591,3,188.0,Course √† pied en soir√©e,2022-10-05 17:18:41+00:00
68,7931109240,79.7,150.8,3.182,,11063.2,3621,5,180.0,Course √† pied dans l'apr√®s-midi,2022-10-08 13:50:55+00:00
69,7937705395,81.2,155.5,3.656,,10303.5,2876,5,164.0,Course √† pied en soir√©e,2022-10-09 16:04:58+00:00
70,7956340106,81.6,162.6,3.959,,6330.7,1605,4,186.0,Course √† pied dans l'apr√®s-midi,2022-10-13 11:01:33+00:00
71,7967840174,81.4,132.2,4.032,,10286.5,2567,7,167.0,Course √† pied en soir√©e,2022-10-15 16:27:08+00:00
72,7978015605,81.1,126.1,3.505,,4044.3,1154,2,170.0,Course √† pied en soir√©e,2022-10-17 16:36:11+00:00
73,7986955528,82.4,164.4,3.726,,10347.7,2782,5,179.0,Course √† pied le midi,2022-10-19 10:53:43+00:00
74,8002990708,82.7,161.5,3.829,,6283.2,1641,4,179.0,Course √† pied en soir√©e,2022-10-22 16:15:10+00:00
75,8008519306,82.9,162.0,3.774,,16086.7,4300,6,182.0,Course √† pied dans l'apr√®s-midi,2022-10-23 15:16:52+00:00
76,8022457867,82.5,164.0,3.746,,10268.8,2755,4,181.0,Course √† pied dans l'apr√®s-midi,2022-10-26 14:01:54+00:00
77,8042982475,81.8,133.8,3.747,,4016.8,1072,4,163.0,Course √† pied dans l'apr√®s-midi,2022-10-30 14:05:16+00:00
78,8056292262,82.9,156.8,3.899,,10289.3,2639,4,179.0,Course √† pied le matin,2022-11-02 07:20:08+00:00
79,8086525722,82.2,179.5,4.204,,10253.5,2439,7,191.0,Course √† pied le midi,2022-11-08 11:23:18+00:00
80,8096468829,82.4,158.2,3.728,,10304.9,2769,4,184.0,Course √† pied le midi,2022-11-10 11:29:33+00:00
81,8107943186,81.2,145.2,3.534,,13027.8,4307,4,174.0,Footing + 2*5 cotes ~3:40,2022-11-12 16:16:41+00:00
82,8131435570,81.2,155.5,3.197,,3833.4,1272,2,177.0,Course √† pied dans l'apr√®s-midi,2022-11-17 16:49:51+00:00
83,8139237885,83.7,177.7,4.29,,10004.1,2359,6,189.0,10km Du Maine Libre,2022-11-19 12:00:04+00:00
84,8170056278,83.3,157.9,3.777,,16047.3,4249,2,181.0,2000-3000-4000 allure 10k,2022-11-26 09:55:12+00:00
85,8174618591,82.6,149.7,3.225,,10275.7,3186,3,162.0,10km EF,2022-11-27 09:33:32+00:00
86,8183974726,81.6,148.6,3.374,,10318.3,3058,2,164.0,10K EF,2022-11-29 10:43:41+00:00
87,8189034276,82.7,150.4,3.507,,11216.1,3210,3,170.0,Frac 8x 1‚Äô30 - 1‚Äô30,2022-11-30 12:30:32+00:00
88,8193219336,82.2,148.3,3.343,,6298.1,1884,1,167.0,Course √† pied dans l'apr√®s-midi,2022-12-01 12:17:44+00:00
89,8201140589,83.0,139.3,3.477,,22016.0,6349,6,165.0,50‚Äô EF - 4x (2k 4‚Äô15 0.5k r√©cup),2022-12-03 09:40:51+00:00
90,8204927712,82.6,146.2,3.242,,4033.6,1249,2,161.0,Course √† pied le matin,2022-12-04 09:10:15+00:00
91,8216358397,79.7,139.4,2.928,,10310.7,3522,2,161.0,10k EF avec Mathilde & Benjamin ,2022-12-06 19:12:23+00:00
92,8218829678,81.9,153.5,3.328,,12019.6,3639,3,179.0,"20‚Äô EF, 4x (5‚Äô @3‚Äô40 + 2‚Äô EF), 10‚Äô EF",2022-12-07 11:18:45+00:00
93,8228667538,80.7,145.1,3.372,,10312.2,3061,5,164.0,10K EF,2022-12-09 19:02:22+00:00
94,8236484173,82.0,136.2,3.365,,24092.7,8067,6,168.0,2h EF,2022-12-11 13:34:42+00:00
95,8247249438,83.0,147.5,3.742,,6338.6,1694,2,179.0,2x (2k EF + 1k @3‚Äô45),2022-12-14 11:51:40+00:00
96,8250918107,82.5,137.1,3.384,,10294.5,3042,4,164.0,10k EF,2022-12-15 10:52:04+00:00
97,8274112712,81.4,160.0,3.459,,10288.4,2974,5,186.0,3x (1k @3:50 1k r√©cup),2022-12-21 10:58:42+00:00
98,8281766284,81.4,158.2,3.518,,10374.1,2956,4,176.0,Course √† pied le midi,2022-12-23 11:34:43+00:00
99,8285373717,81.0,149.2,3.402,,18131.9,5419,5,171.0,"4x (1k @3‚Äô55, 1k r√©cup)",2022-12-24 09:44:05+00:00
100,8289126105,80.9,163.2,3.666,,10282.1,2805,5,186.0,10k n‚Äôimporte comment ,2022-12-25 10:25:05+00:00
101,8298304621,80.0,159.5,3.546,,10269.6,2946,4,172.0,Course √† pied dans l'apr√®s-midi,2022-12-27 15:01:48+00:00
102,8301408267,80.9,154.8,3.45,,10355.5,3121,3,180.0,8x (1‚Äô30 @3‚Äô45 + 1‚Äô30 r√©cup),2022-12-28 09:56:26+00:00
103,8305864671,79.3,143.0,3.071,,7608.8,2619,3,159.0,R√©cup ,2022-12-29 09:35:35+00:00
104,8316791377,81.1,154.3,3.438,,17062.2,6279,4,177.0,5x (5‚Äô @4‚Äô15 + 3‚Äô r√©cup),2022-12-31 13:21:20+00:00
105,8321430482,79.6,142.8,3.119,,10249.4,3493,3,157.0,R√©cup ,2023-01-01 14:57:00+00:00
106,8330576545,79.4,152.7,3.384,,12260.0,3880,5,176.0,Course √† pied le midi,2023-01-03 10:47:15+00:00
107,8335845177,79.6,145.7,3.222,,10260.8,3302,4,175.0,8x (1‚Äô30 @3‚Äô45 + 1‚Äô30 r√©cup),2023-01-04 10:16:17+00:00
108,8342485805,79.8,150.3,3.36,,8939.7,2824,5,167.0,Course √† pied dans l'apr√®s-midi,2023-01-05 14:46:09+00:00
109,8351873763,81.7,142.5,3.448,,31276.9,9177,9,177.0,20k EF 10k allure marathon ,2023-01-07 09:24:41+00:00
110,8357058537,80.1,134.2,3.004,,4049.0,1434,5,153.0,R√©cup ,2023-01-08 10:12:08+00:00
111,8372856968,81.5,138.9,3.222,,5122.3,1702,7,166.0,Course √† pied le matin,2023-01-11 06:09:53+00:00
112,8386413621,80.4,157.4,3.406,,10037.3,3214,6,178.0,Course √† pied en soir√©e,2023-01-13 17:56:07+00:00
113,8391336298,80.5,157.5,3.258,,11622.8,3659,5,183.0,8x (1‚Äô30 @3‚Äô45 + 1‚Äô30 r√©cup),2023-01-14 15:31:09+00:00
114,8397368664,80.5,158.6,3.385,,17549.0,5590,8,184.0,5x (5‚Äô allure marathon + 3‚Äô r√©cup),2023-01-15 15:25:07+00:00
115,8413919695,79.7,152.6,3.503,,12557.5,3683,6,174.0,10x c√¥te ,2023-01-18 19:01:24+00:00
116,8416774069,82.2,144.8,3.241,,10144.2,3130,4,155.0,Tranquillou ,2023-01-19 11:03:48+00:00
117,8426760351,81.7,144.4,3.4,,4056.5,1196,5,170.0,Derni√®re s√©ance avant le 10km du 14e demain üèÅ,2023-01-21 10:56:38+00:00
118,8431744402,82.9,172.3,4.323,,9813.8,2270,19,183.0,10km du 14e - 37‚Äô43 officiel ,2023-01-22 08:38:51+00:00
119,8465190696,80.8,145.5,3.357,,11019.8,3498,5,163.0,Course √† pied dans l'apr√®s-midi,2023-01-28 12:14:57+00:00
120,8480570669,80.1,138.8,2.956,,10043.6,3434,3,155.0,EF,2023-01-31 07:55:40+00:00
121,8489308156,80.1,148.5,3.213,,10021.6,3174,5,180.0,5x (2‚Äô @3‚Äô45 + 1‚Äô r√©cup),2023-02-01 18:37:03+00:00
122,8494765394,79.0,138.1,3.063,,8458.9,2825,3,153.0,Course √† pied en soir√©e,2023-02-02 18:58:36+00:00
123,8502222374,80.3,152.2,3.281,,12656.9,4065,6,176.0,10x 30/30 ,2023-02-04 09:14:29+00:00
124,8505008981,79.4,147.2,3.114,,10125.7,3286,7,159.0,Footing ,2023-02-04 16:37:57+00:00
125,8507701834,81.4,143.0,3.014,,16100.8,5382,5,159.0,Sortie longue 1:30 EF,2023-02-05 08:08:50+00:00
126,8523024467,78.9,149.3,3.21,,12141.6,4022,6,161.0,Footing 1h,2023-02-07 19:55:44+00:00
127,8528770503,79.6,152.5,3.486,,12807.3,3713,5,177.0,6x (3‚Äô @3‚Äô40 + 2‚Äô r√©cup),2023-02-08 20:14:42+00:00
128,8530596104,81.3,144.1,3.185,,6344.3,2019,5,160.0,Course √† pied le matin,2023-02-09 07:48:24+00:00
129,8533438392,78.8,140.7,3.043,,12428.8,4339,6,159.0,Footing #2,2023-02-09 17:30:35+00:00
130,8542870725,80.1,150.9,3.278,,12097.6,3833,4,170.0,10x (30‚Äô - 30¬¥),2023-02-11 13:09:48+00:00
131,8547506218,81.7,155.8,3.619,,24061.4,6781,7,184.0,4x (10‚Äô @4‚Äô10 + 2 r√©cup),2023-02-12 09:05:49+00:00
132,8559260201,81.1,140.2,3.052,,4040.6,1327,4,153.0,Course √† pied dans l'apr√®s-midi,2023-02-14 12:14:17+00:00
133,8593626593,79.5,146.4,2.993,,12018.4,4058,6,165.0,Course √† pied dans l'apr√®s-midi,2023-02-20 16:10:03+00:00
134,8597284034,80.3,136.3,2.978,,8249.9,2938,6,165.0,Course √† pied le midi,2023-02-21 10:07:34+00:00
135,8599707551,80.3,148.3,3.376,,12042.2,3754,5,178.0,Course √† pied dans l'apr√®s-midi,2023-02-21 16:59:29+00:00
136,8602812592,80.2,154.8,3.141,,11040.1,3664,5,179.0,10x (1‚Äô30 - 1‚Äô30),2023-02-22 08:44:50+00:00
137,8608392354,79.2,148.8,3.056,,10329.5,3471,5,161.0,Course √† pied le matin,2023-02-23 09:43:56+00:00
138,8620994864,80.9,158.1,3.391,,11069.3,3284,5,176.0,2x 8x 30/30,2023-02-25 16:11:24+00:00
139,8624919094,82.0,150.1,3.351,,28488.2,9185,9,179.0,1h10 EF + 4x (15‚Äô @4‚Äô15 + 2‚Äô r√©cup) (en th√©orie üò¨),2023-02-26 09:29:07+00:00
140,8643660546,80.1,155.4,3.466,,6324.7,1825,4,180.0,2x 1k allure semi,2023-03-01 19:02:13+00:00
141,8646902520,80.3,139.6,3.035,,8387.0,2763,5,158.0,Footing EF,2023-03-02 11:39:05+00:00
142,8656927883,81.5,150.6,3.461,,5195.4,1515,6,162.0,EF + qq acc√©l√©ration ,2023-03-04 10:07:09+00:00
143,8662212699,83.1,177.4,4.098,,21113.7,5152,23,186.0,üèÅ Semi de Paris 23 - 1h25‚Äô49 officiel ,2023-03-05 07:10:32+00:00
144,8666299848,,,2.799,,6298.5,2271,6,,Afternoon Run,2023-03-05 16:56:45+00:00
145,8676852805,79.5,148.8,3.235,,12702.2,3994,2,165.0,1h EF,2023-03-07 17:57:52+00:00
146,8680414799,80.6,156.6,3.35,,12010.7,3645,7,183.0,Course √† pied le midi,2023-03-08 11:31:38+00:00
147,8687441836,80.0,155.0,3.37,,12170.0,3951,8,173.0,Course √† pied en soir√©e,2023-03-09 17:51:09+00:00
148,8696085560,80.6,154.7,3.402,,12176.7,3650,4,183.0,8x (1‚Äô rapide @3‚Äô30 en c√¥te + 1‚Äô r√©cup),2023-03-11 12:18:08+00:00
149,8701575233,81.2,158.5,3.47,,32014.4,10990,8,182.0,Sortie longue EF + 50min allure marathon ,2023-03-12 08:52:40+00:00
150,8714393518,80.1,162.4,3.709,,14012.3,3958,5,183.0,3x 10‚Äô @4‚Äô00,2023-03-14 17:49:43+00:00
151,8718103516,80.3,155.8,3.249,,12024.7,3764,3,169.0,Course √† pied le midi,2023-03-15 11:39:03+00:00
152,8722310564,81.3,148.5,3.117,,10431.1,3394,6,161.0,Course √† pied le matin,2023-03-16 05:46:18+00:00
153,8733124702,80.6,157.2,3.361,,11589.3,3515,9,184.0,3x 1k @3‚Äô45,2023-03-18 08:02:20+00:00
154,8743204308,80.7,163.9,3.73,,24062.1,6601,8,179.0,3x (4k allure marathon + 1k r√©cup),2023-03-19 16:41:40+00:00
155,8754236481,78.8,158.0,3.491,,10325.1,2986,5,182.0,Course √† pied en soir√©e,2023-03-21 18:54:49+00:00
156,8760254623,79.3,151.8,3.386,,9657.9,2925,7,174.0,Course √† pied en soir√©e,2023-03-22 19:14:17+00:00
157,8776439589,78.9,147.1,3.202,,6320.8,2022,10,164.0,Course √† pied en soir√©e,2023-03-25 18:04:19+00:00
158,8781562324,80.8,157.6,3.377,,12326.4,3818,9,177.0,3x 1k allure marathon ,2023-03-26 14:40:18+00:00
159,8793227042,78.8,150.7,3.262,,6341.7,1970,6,169.0,Course √† pied en soir√©e,2023-03-28 17:59:01+00:00
160,8802188027,80.9,148.7,3.472,,6308.9,1817,7,171.0,Aff√ªtage J-3,2023-03-30 10:41:21+00:00
161,8811665692,81.0,151.1,3.317,,4016.3,1211,7,167.0,üèÅ J-1 !,2023-04-01 08:36:16+00:00
162,8817609953,80.9,142.4,3.074,,1284.8,487,4,158.0,Course √† pied le matin,2023-04-02 05:56:54+00:00
163,8817611385,83.4,139.9,3.82,,42849.4,11218,29,178.0,üèÅ Marathon de Paris 23 - 3h06‚Äô51,2023-04-02 06:23:22+00:00
164,8841106667,80.2,156.2,3.502,,6328.1,1811,4,183.0,Course √† pied le matin,2023-04-06 08:45:04+00:00
165,8846046432,79.6,143.1,3.139,,10554.5,3665,5,157.0,Course √† pied le matin,2023-04-07 06:21:27+00:00
166,8854316955,79.0,143.7,3.294,,9041.7,2914,7,158.0,Course √† pied dans l'apr√®s-midi,2023-04-08 13:44:17+00:00
167,8861648755,79.7,151.4,3.395,,14386.7,4587,8,187.0,EF + 4km actif+,2023-04-09 16:24:14+00:00
168,8895879110,80.7,162.1,3.642,,13140.7,3666,7,188.0,1000-2000 allure 10k,2023-04-15 15:13:43+00:00
169,8903287296,79.7,150.9,3.325,,10323.8,3187,6,176.0,2x8x30‚Äô-30‚Äô in Berlin,2023-04-16 17:39:59+00:00
170,8910926408,80.7,147.4,3.071,,10635.5,3534,7,168.0,EF,2023-04-18 06:11:17+00:00
171,8916894042,80.9,155.8,3.319,,12014.8,3758,7,185.0,10x400m a la fra√Æche ,2023-04-19 04:48:41+00:00
172,8929703948,79.8,151.5,3.373,,10499.2,3136,6,164.0,Course √† pied le midi,2023-04-21 10:21:41+00:00
173,8934841390,81.3,161.9,3.595,,17011.8,4833,5,186.0,2x 10min @3‚Äô50,2023-04-22 08:06:10+00:00
174,8955868772,78.2,135.4,3.057,,11206.3,3748,6,175.0,2x4 45‚Äô c√¥tes ,2023-04-25 16:31:10+00:00
175,8959881520,80.4,150.5,3.321,,9870.8,2972,6,172.0,Course √† pied dans l'apr√®s-midi,2023-04-26 11:07:29+00:00
176,8964752524,80.5,155.5,3.481,,9396.1,4345,5,184.0,6x500m allure @3‚Äô35,2023-04-27 06:14:30+00:00
177,8978188665,80.4,151.6,3.437,,12027.7,3768,5,166.0,Course √† pied dans l'apr√®s-midi,2023-04-29 13:34:58+00:00
178,8982546231,80.6,159.8,3.6,,17077.0,4851,10,188.0,3x8¬¥ allure 10k,2023-04-30 08:33:42+00:00
179,8991463432,79.0,149.6,3.411,,11373.1,3613,7,175.0,Course √† pied dans l'apr√®s-midi,2023-05-01 14:55:22+00:00
180,8998043769,79.5,154.9,3.577,,13061.3,3883,7,180.0,16x200m 105% VMA,2023-05-02 16:59:58+00:00
181,9005244430,79.7,161.8,3.867,,10475.4,2741,9,185.0,2x2k AS-10,2023-05-03 19:08:44+00:00
182,9010625590,79.7,148.5,3.329,,10009.4,3150,6,161.0,Course √† pied en soir√©e,2023-05-04 16:50:05+00:00
183,9022465412,79.5,146.1,3.155,,1804.7,664,2,157.0,Course √† pied en soir√©e,2023-05-06 16:27:15+00:00
184,9034789417,78.8,151.3,3.525,,10113.4,2908,8,175.0,Course √† pied en soir√©e,2023-05-08 16:19:37+00:00
185,9047981312,78.0,143.5,3.215,,11889.9,4083,7,170.0,Semaine repos : 10x45‚Äô‚Äô en c√¥te,2023-05-10 18:26:40+00:00
186,9051250577,79.6,150.0,3.36,,8396.4,2499,7,167.0,Course √† pied le midi,2023-05-11 10:59:17+00:00
187,9064466341,79.9,155.9,3.533,,16370.0,4975,6,182.0,2x10min vite,2023-05-13 14:03:49+00:00
188,9077495580,78.9,149.9,3.396,,10534.9,3149,6,171.0,Course √† pied en soir√©e,2023-05-15 18:11:19+00:00
189,9092856459,80.1,150.0,3.465,,10546.5,3061,7,173.0,Course √† pied le midi,2023-05-18 09:15:17+00:00
190,9101560766,80.2,161.8,3.792,,14266.7,3827,5,188.0,3x2k AS-10 (3‚Äô35) r√©cup 2min,2023-05-19 16:29:31+00:00
191,9107899483,80.2,151.7,3.458,,18273.0,6124,8,167.0,Course √† pied dans l'apr√®s-midi,2023-05-20 15:37:22+00:00
192,9114641708,79.6,145.9,3.245,,12059.6,4052,7,173.0,2x5 c√¥tes ,2023-05-21 15:48:41+00:00
193,9120349434,79.2,153.7,3.349,,6246.3,1893,6,168.0,Course √† pied en soir√©e,2023-05-22 16:58:36+00:00
194,9139774130,79.4,155.2,3.513,,10579.0,3471,6,176.0,Course √† pied en soir√©e,2023-05-25 17:37:42+00:00
195,9148892192,83.0,180.1,4.33,,5079.0,1173,5,189.0,Tri Vend√¥me 3/3,2023-05-27 09:12:32+00:00
196,9151710819,81.4,168.1,3.589,,10076.6,2808,4,181.0,Triathlon Vend√¥me M 3/3,2023-05-27 15:47:55+00:00
197,9158880560,79.8,143.3,3.188,,8466.8,2702,4,155.0,R√©cup du tri,2023-05-28 17:43:22+00:00
198,9164655853,80.1,154.3,3.454,,14194.5,4163,7,168.0,EF - acceleration 4 derniers km,2023-05-29 16:32:19+00:00
199,9184166817,79.2,139.4,3.096,,7642.8,2501,8,161.0,Course √† pied en soir√©e,2023-06-01 18:32:47+00:00
200,9190103021,81.6,156.3,3.723,,12649.4,3991,7,185.0,3000-2000-1000 AS-10 2min r√©cup,2023-06-02 18:33:16+00:00
201,9202577100,80.4,159.4,3.502,,9357.3,2865,9,173.0,Course √† pied dans l'apr√®s-midi,2023-06-04 15:41:01+00:00
202,9215340226,79.5,147.9,3.492,,10562.1,3025,7,158.0,150 bpm,2023-06-06 17:11:06+00:00
203,9222433517,80.4,156.2,3.727,,10009.8,2731,9,184.0,8x 1‚Äô-1‚Äô,2023-06-07 19:11:08+00:00
204,9228282450,79.6,145.9,3.223,,9649.8,3019,5,161.0,EF,2023-06-08 17:39:11+00:00
205,9242673192,77.3,141.1,2.982,,3745.3,1341,2,160.0,Course √† pied le matin,2023-06-11 05:10:42+00:00
206,9242883458,82.6,181.8,4.349,,9941.5,2286,19,190.0,üèÅ Paris 10k Adidas 38‚Äô03,2023-06-11 06:03:51+00:00
207,9243212218,79.1,144.2,2.862,,3643.8,1559,3,157.0,Course √† pied le matin,2023-06-11 07:43:11+00:00
208,9275623247,79.9,151.6,3.014,,10357.1,3527,9,171.0,D√©crassage Hellfest ,2023-06-16 08:58:00+00:00
209,9281115979,80.1,34.6,3.077,,6762.3,3555,5,75.0,D√©crassage Hellfest #2,2023-06-17 08:53:01+00:00
210,9287678395,80.3,137.0,3.196,,3211.7,1236,6,163.0,D√©crassage Hellfest #3,2023-06-18 09:43:18+00:00
211,9309839778,79.9,162.8,3.776,,10652.3,2924,8,188.0,2000-2000-1000 ,2023-06-21 18:59:43+00:00
212,9324350062,79.7,163.2,3.454,,23023.4,7519,9,184.0,Sortie longue ,2023-06-24 08:20:52+00:00
213,9330367698,80.6,155.4,3.013,,10772.1,3623,9,177.0,Footing trail,2023-06-25 08:21:01+00:00
214,9342896478,80.1,165.5,3.718,,12123.0,3346,7,189.0,2x3000 @4‚Äô00,2023-06-27 09:26:33+00:00
215,9354852289,80.4,151.5,3.251,,5448.3,1828,8,178.0,Course √† pied le matin,2023-06-29 06:43:28+00:00
216,9360811082,80.7,154.0,3.439,,15513.6,4800,10,181.0,4x1500 AS21,2023-06-30 05:48:30+00:00
217,9369224038,79.8,153.7,3.421,,15297.0,4565,11,170.0,EF (un peu rapide),2023-07-01 14:48:59+00:00
218,9375657011,80.3,166.9,3.837,,9650.3,2575,8,189.0,Actif+ √† la sensation - vite sur la fin ,2023-07-02 15:11:38+00:00
219,9382086922,78.0,141.0,3.095,,12783.5,4409,12,163.0,EF - 141bpm,2023-07-03 17:05:32+00:00
220,9385456955,80.7,153.0,3.357,,11863.6,3592,6,182.0,10x 1‚Äô45-1‚Äô45,2023-07-04 09:18:38+00:00
221,9419273760,79.8,167.0,3.734,,11884.5,3437,10,189.0,Course √† pied dans l'apr√®s-midi,2023-07-09 14:37:45+00:00
222,9443028704,79.5,152.0,3.457,,13292.0,3945,9,168.0,Course √† pied le midi,2023-07-13 10:51:27+00:00
223,9445466315,80.1,159.4,3.498,,10710.8,3099,8,179.0,La doublette ,2023-07-13 18:03:05+00:00
224,9450963638,80.0,158.0,3.454,,23396.0,7505,8,185.0,SL + 2x3000 AS21,2023-07-14 15:31:41+00:00
225,9462536217,78.9,141.7,3.167,,15045.9,5066,10,153.0,EF Objectif 140bpm,2023-07-16 13:03:39+00:00
226,9480589101,80.0,155.9,3.403,,10702.5,3197,7,173.0,Course √† pied le midi,2023-07-19 10:52:24+00:00
227,9483324964,80.7,171.5,4.084,,10027.2,2910,8,181.0,10k en acc√©l√©ration ,2023-07-19 18:18:57+00:00
228,9483410166,79.3,140.8,2.883,,1311.8,458,1,152.0,Retour maison ,2023-07-19 19:10:29+00:00
229,9495737342,78.0,156.4,3.485,,11039.5,3206,8,179.0,Course √† pied en soir√©e,2023-07-21 18:39:44+00:00
230,9499180625,79.5,148.6,3.596,,12579.8,4027,8,180.0,6x1000 AS10+ r√©cup longue ,2023-07-22 10:05:47+00:00
231,9501346567,79.8,147.8,3.269,,4024.6,1260,4,158.0,D√©crassage Velo ,2023-07-22 16:35:14+00:00
232,9507819239,78.9,139.9,3.184,,11421.3,3890,5,155.0,Course √† pied dans l'apr√®s-midi,2023-07-23 15:37:13+00:00
233,9519454682,82.6,157.7,3.342,,2927.4,933,4,167.0,(1/2) Rod√©o urbain pour rejoindre Montparnasse √† cause du c** de bus 189 qui n‚Äôest jamais pass√© ,2023-07-25 15:58:22+00:00
234,9519557327,82.2,172.9,3.439,,646.5,214,2,176.0,(2/2) Rod√©o urbain pour rejoindre Montparnasse √† cause du c** de bus 189 qui n‚Äôest jamais pass√© : sprint final apr√®s m√©tro 12,2023-07-25 16:22:03+00:00
235,9523205145,79.3,137.1,3.272,,10748.8,3288,9,149.0,EF,2023-07-26 06:18:41+00:00
236,9524329808,80.0,150.6,3.493,,13117.9,3803,8,179.0,2x5x(1‚Äô45-1‚Äô45),2023-07-26 10:25:48+00:00
237,9544978840,80.0,162.6,3.559,,22623.8,7200,9,186.0,SL - Bois de l‚Äôoratoire ,2023-07-29 15:27:00+00:00
238,9551120360,78.7,139.3,3.24,,15356.0,5020,11,156.0,EF objectif 140bpm / reel 139bpm ,2023-07-30 14:55:20+00:00
239,9634558697,79.8,154.7,3.131,,7407.8,2440,6,186.0,Reprise apr√®s 10j de pause,2023-08-12 17:14:36+00:00
240,9646638719,78.2,150.9,2.973,,11030.6,4257,9,180.0,Course √† pied dans l'apr√®s-midi,2023-08-14 15:26:45+00:00
241,9670598199,77.6,129.7,2.502,,6343.1,2635,6,149.0,R√©cup,2023-08-18 06:14:00+00:00
242,9684542545,78.7,149.1,2.727,,19421.0,7281,7,182.0,Course √† pied le matin,2023-08-20 08:43:17+00:00
243,9697209904,79.2,150.7,3.069,,6945.3,2267,4,176.0,Course √† pied le midi,2023-08-22 09:41:34+00:00
244,9716880128,79.2,147.0,3.046,,10350.7,3543,9,175.0,Course √† pied le matin,2023-08-25 08:37:03+00:00
245,9718799731,80.0,155.9,3.207,,6542.7,2079,10,183.0,Le dernier footing dans le Luberon,2023-08-25 15:12:10+00:00
246,9725951058,79.3,142.4,3.519,,4909.5,1448,5,169.0,Retour maison üè† c‚Äôest tout plat et il fait froid,2023-08-26 17:13:01+00:00
247,9728961540,79.5,149.6,3.454,,24447.2,8165,13,166.0,SL Bois de l‚Äôoratoire,2023-08-27 06:57:59+00:00
248,9742058737,79.8,148.9,3.136,,13015.2,4203,8,163.0,Course √† pied le midi,2023-08-29 10:15:49+00:00
249,9751438766,78.9,150.7,3.517,,13426.1,3899,7,177.0,3x2k AS42-AS21-AS10,2023-08-30 17:14:51+00:00
250,9761135627,79.8,134.7,3.167,,10728.1,3416,5,146.0,Course √† pied le midi,2023-09-01 10:09:55+00:00
251,9763132661,80.0,159.8,3.636,,10857.5,4154,7,181.0,Acceleration progressive au bois de l‚Äôoratoire,2023-09-01 15:54:21+00:00
252,9770002464,80.0,148.3,3.407,,6276.2,1897,5,164.0,Course √† pied en soir√©e,2023-09-02 16:27:37+00:00
253,9773794593,80.6,165.2,3.596,,16024.1,4729,7,188.0,Test allure semi: 3x3000 AS21 - 1k repos,2023-09-03 08:49:16+00:00
254,9785940068,80.2,143.8,3.154,,10467.8,3319,7,155.0,Course √† pied le matin,2023-09-05 04:59:53+00:00
255,9793296967,80.3,154.6,3.409,,11894.9,3525,7,185.0,8x 1‚Äô30-1‚Äô30 AS5,2023-09-06 06:14:43+00:00
256,9801049695,79.6,152.2,3.317,,11306.0,3486,5,180.0,EF + 1 tour rapide,2023-09-07 10:23:26+00:00
257,9812865139,79.4,156.4,3.067,,11822.0,4034,4,179.0,8x c√¥tes courtes et √† fond,2023-09-09 07:56:03+00:00
258,9819470849,81.5,157.5,3.527,,21223.2,6276,5,182.0,SL - EF + 6k AS42,2023-09-10 06:51:59+00:00
259,9836410962,78.7,141.6,3.262,,12348.5,3890,5,157.0,EF,2023-09-12 17:20:48+00:00
260,9840395186,80.2,157.7,3.53,,12341.9,3542,7,184.0,10x (1:30-1:30) AS5,2023-09-13 10:18:23+00:00
261,9846958378,78.9,137.3,3.148,,12022.3,4558,7,153.0,EF,2023-09-14 10:07:04+00:00
262,9860681809,79.7,149.8,3.188,,12068.3,3944,4,175.0,8 c√¥tes courtes,2023-09-16 12:41:00+00:00
263,9865654944,81.0,160.0,3.796,,16135.1,4469,7,177.0,2x (4000 AS42-AS21 + 1k @4‚Äô45),2023-09-17 08:31:42+00:00
264,9875128558,79.1,150.5,3.485,,12134.4,3552,7,173.0,Footing 150bpm,2023-09-18 17:08:42+00:00
265,9887225462,79.4,149.9,3.41,,9647.4,2857,5,165.0,Course √† pied dans l'apr√®s-midi,2023-09-20 15:40:11+00:00
266,9899974780,79.3,146.6,3.486,,8832.3,2659,8,161.0,Course √† pied en soir√©e,2023-09-22 16:59:50+00:00
267,9905025588,79.4,143.2,3.133,,17524.8,5903,6,177.0,10x c√¥te courte,2023-09-23 12:30:36+00:00
268,9910492001,81.9,167.3,3.932,,21128.4,5726,9,183.0,3x5000 Progressif AS42 -> AS21 / 2k repos,2023-09-24 09:28:28+00:00
269,9912863848,79.6,143.5,2.969,,4011.2,1378,3,157.0,R√©cup apr√®s la sortie de ce matin,2023-09-24 15:44:49+00:00
270,9918752805,79.5,151.1,3.297,,11070.0,3579,5,163.0,Course √† pied en soir√©e,2023-09-25 16:12:16+00:00
271,9924778122,83.7,153.4,3.908,,1191.8,305,6,167.0,Merci la RATP pour cette courte session de VMA improvis√©e,2023-09-26 15:58:31+00:00
272,9929941295,79.9,158.5,3.406,,12115.1,4123,2,186.0,5x 1000 AS10 (@3‚Äô40) avec 500m r√©cup,2023-09-27 10:28:43+00:00
273,9935243435,80.0,139.1,3.261,,12487.6,4252,4,154.0,EF,2023-09-28 06:03:52+00:00
274,9938546035,79.6,136.9,3.081,,7387.4,2409,5,158.0,Course √† pied en soir√©e,2023-09-28 17:06:56+00:00
275,9942084865,80.1,151.6,3.681,,8440.1,2305,3,167.0,Travail Z2 @4‚Äô30,2023-09-29 09:40:22+00:00
276,9950470795,79.0,141.0,3.108,,12458.5,4557,8,176.0,12 x 15'' en c√¥te - r√©cup en descente,2023-09-30 15:02:11+00:00
277,9954384894,81.1,161.6,3.68,,23211.9,6542,6,186.0,8x 1000-1000 Steady (<4‚Äô45) / AS21 -> Seuil (@3‚Äô55 -> @3‚Äô50),2023-10-01 08:09:13+00:00
278,9968004348,79.0,142.9,3.253,,12733.4,4052,7,184.0,EF,2023-10-03 11:02:48+00:00
279,9973260632,79.9,144.5,3.312,,10414.8,3156,7,160.0,EF,2023-10-04 06:03:34+00:00
280,9974064997,80.3,151.0,3.597,,12930.9,3612,10,182.0,5x (4' AS10 @3'40 - r1'30),2023-10-04 09:31:08+00:00
281,9979755005,79.2,142.6,3.317,,10299.5,3218,4,158.0,EF,2023-10-05 05:53:39+00:00
282,9982688424,78.9,150.5,3.559,,10126.2,3146,8,179.0,Acc√©l√©ration progressive,2023-10-05 16:08:51+00:00
283,9992473249,78.4,133.9,3.076,,11738.4,4103,5,156.0,EF tranquille,2023-10-07 09:23:16+00:00
284,9997932200,80.8,152.2,3.622,,21699.7,6653,5,180.0,S√©ance test 5x2000 Seuil -> AS10 r2‚Äô,2023-10-08 06:11:02+00:00
285,10014356662,78.3,148.0,3.408,,7339.9,2249,7,176.0,Course √† pied en soir√©e √† Lenglen,2023-10-10 17:41:55+00:00
286,10017116661,80.1,149.3,3.431,,9085.5,2663,5,173.0,2x6 30‚Äô-30‚Äô,2023-10-11 06:00:40+00:00
287,10020028468,79.5,137.7,3.332,,3681.8,1128,7,154.0,Course √† pied en soir√©e,2023-10-11 16:11:09+00:00
288,10026378123,79.6,142.4,3.385,,8412.7,2533,7,172.0,Course √† pied en soir√©e,2023-10-12 16:17:41+00:00
289,10037175295,78.8,146.1,3.378,,7392.1,2214,0,169.0,Activation: 8x 100m acc√©l√©ration,2023-10-14 13:19:41+00:00
